Source: ACS 1-Year Estimates Public Use Microdata Sample 2015
Weight used: WGTP
"Universe: selected geographies: Los Angeles County (North/U..., Los Angeles County (Northwe..., Los Angeles County (North C..., Los Angeles County (North C..., Los Angeles County (North)-..., Los Angeles County (North)-..., Los Angeles County--LA (Nor..., Los Angeles County (North)-..., Los Angeles County (Central..., Los Angeles County--Baldwin..., Los Angeles County (East Ce..., Los Angeles County (East Ce..., Los Angeles County (East Ce..., Los Angeles County--Diamond..., Los Angeles County (East Ce..., Los Angeles County (East Ce..., Los Angeles County (East Ce..., Los Angeles County (Central..., Los Angeles County (Central..., Los Angeles County (Central..., Los Angeles County (North)-..., Los Angeles County (Northwe..., Los Angeles County (North)-..., Los Angeles County (Northwe..., Los Angeles County--LA City..., Los Angeles County--Calabas..., Los Angeles County (Central..., Los Angeles County (Southwe..., Los Angeles County (West Ce..., Los Angeles County (West Ce..., Los Angeles County (Central..., Los Angeles County (Central..., Los Angeles County (Central..., Los Angeles County--LA City..., Los Angeles County--LA City..., Los Angeles County (Central..., Los Angeles County (Central..., Los Angeles County (Central..., Los Angeles County (Southea..., Los Angeles County (Central..., Los Angeles County (Central..., Los Angeles County (Central..., Los Angeles County (Central..., Los Angeles County (Central..., Los Angeles County (Central..., Los Angeles County--LA City..., Los Angeles County (Central..., Los Angeles County--LA (Sou..., Los Angeles County (Central..., Los Angeles County (South C..., Los Angeles County (South C..., Los Angeles County (South)-..., Los Angeles County (South)-..., Los Angeles County (Southea..., Los Angeles County (Southea..., Los Angeles County (Southea..., Los Angeles County (South C..., Los Angeles County (South C..., Los Angeles County (South C..., Los Angeles County--Redondo..., Los Angeles County (South C..., Los Angeles County (South C..., Los Angeles County (South C..., Los Angeles County (South)-..., Los Angeles County (Southea..., Los Angeles County (South)-..., Los Angeles County (South)-..., Los Angeles County (Southwe..., Los Angeles County (Southea..."
"","Age recode (AGEP_RC1)","","","","","","","","",""
"Selected Geographies","0-9 Years Old","10-19 Years Old","20-29 Years Old","30-39 Years Old","40-49 Years Old","50-59 Years Old","60-69 Years Old","70-79 Years Old","80-89 Years Old","90-99 Years Old"
"Los Angeles County (North/Unincorporated)--Castaic PUMA, California","5","5","4","4","4","3","3","2","2","4"
"Los Angeles County (Northwest)--Santa Clarita City PUMA, California","5","5","4","4","4","3","3","3","2","2"
"Los Angeles County (North Central)--Lancaster City PUMA, California","5","5","4","4","4","3","3","2","2","2"
"Los Angeles County (North Central)--Palmdale City PUMA, California","5","5","4","5","4","3","3","3","3","2"
"Los Angeles County (North)--LA City (Northwest/Chatsworth & Porter Ranch) PUMA, California","5","5","4","4","4","3","3","2","2","3"
"Los Angeles County (North)--LA City (North Central/Granada Hills & Sylmar) PUMA, California","5","5","4","4","4","4","3","3","2","2"
"Los Angeles County--LA (North Central/Arleta & Pacoima) & San Fernando Cities PUMA, California","6","5","5","5","5","4","4","3","3","2"
"Los Angeles County (North)--LA City (Northeast/Sunland, Sun Valley & Tujunga) PUMA; California","5","5","4","4","4","3","3","3","2","3"
"Los Angeles County (Central)--San Gabriel Valley Region (North) PUMA, California","5","4","4","4","4","3","3","2","2","2"
"Los Angeles County--Baldwin Park, Azusa, Duarte & Irwindale Cities PUMA; California","7","5","5","5","4","4","4","4","3","4"
"Los Angeles County (East Central)--Glendora, Claremont, San Dimas & La Verne Cities PUMA; California","4","4","4","4","4","3","2","2","2","2"
"Los Angeles County (East Central)--Pomona City PUMA, California","5","5","4","5","4","4","3","3","2","3"
"Los Angeles County (East Central)--Covina & Walnut Cities PUMA, California","5","5","4","4","4","3","3","3","2","3"
"Los Angeles County--Diamond Bar, La Habra Heights (East) Cities & Rowland Heights PUMA; California","5","4","4","4","4","3","3","3","3","3"
"Los Angeles County (East Central)--West Covina City PUMA, California","5","5","5","5","4","4","3","3","3","3"
"Los Angeles County (East Central)--La Puente & Industry Cities PUMA, California","6","6","6","5","5","5","4","4","3","2"
"Los Angeles County (East Central)--Arcadia, San Gabriel & Temple City Cities PUMA; California","5","4","4","4","4","3","3","3","2","3"
"Los Angeles County (Central)--Pasadena City PUMA, California","5","4","3","3","3","3","3","2","2","1"
"Los Angeles County (Central)--Glendale City PUMA, California","4","4","3","3","3","3","3","2","2","2"
"Los Angeles County (Central)--Burbank City PUMA, California","4","4","3","3","3","3","3","2","2","2"
"Los Angeles County (North)--LA City (Northeast/North Hollywood & Valley Village) PUMA, California","4","4","3","3","3","2","2","2","2","2"
"Los Angeles County (Northwest)--LA City (North Central/Van Nuys & North Sherman Oaks) PUMA, California","5","4","4","3","4","3","3","2","3","3"
"Los Angeles County (North)--LA City (North Central/Mission Hills & Panorama City) PUMA, California","5","5","5","5","4","4","3","3","3","2"
"Los Angeles County (Northwest)--LA City (Northwest/Encino & Tarzana) PUMA, California","4","4","4","3","4","3","3","2","2","3"
"Los Angeles County--LA City (Northwest/Canoga Park, Winnetka & Woodland Hills) PUMA; California","5","5","4","3","4","3","3","2","2","2"
"Los Angeles County--Calabasas, Agoura Hills, Malibu & Westlake Village Cities PUMA; California","4","4","4","3","3","3","2","2","2","1"
"Los Angeles County (Central)--LA City (Central/Pacific Palisades) PUMA, California","4","4","3","3","3","3","2","2","2","2"
"Los Angeles County (Southwest)--Santa Monica City PUMA, California","4","4","2","2","2","2","2","2","2","2"
"Los Angeles County (West Central)--LA City (West Central/Westwood & West Los Angeles) PUMA, California","4","4","3","3","3","3","2","2","2","2"
"Los Angeles County (West Central)--LA City (Central/Hancock Park & Mid-Wilshire) PUMA, California","4","4","3","3","3","2","2","2","2","2"
"Los Angeles County (Central)--West Hollywood & Beverly Hills Cities PUMA, California","4","4","2","2","3","2","2","2","2","2"
"Los Angeles County (Central)--LA City (East Central/Hollywood) PUMA, California","4","4","3","2","3","3","2","2","2","1"
"Los Angeles County (Central)--LA City (Central/Koreatown) PUMA, California","4","4","3","3","3","3","2","2","1","2"
"Los Angeles County--LA City (East Central/Silver Lake, Echo Park & Westlake) PUMA; California","5","5","3","3","3","3","3","2","3","2"
"Los Angeles County--LA City (Mount Washington, Highland Park & Glassell Park) PUMA; California","5","5","4","4","4","4","3","3","3","3"
"Los Angeles County (Central)--Alhambra & South Pasadena Cities PUMA, California","4","4","3","4","3","3","3","2","2","2"
"Los Angeles County (Central)--Monterey Park & Rosemead Cities PUMA, California","5","5","4","4","4","4","3","3","3","3"
"Los Angeles County (Central)--El Monte & South El Monte Cities PUMA, California","6","5","5","5","4","4","3","3","3","4"
"Los Angeles County (Southeast)--Whittier City & Hacienda Heights PUMA, California","5","5","4","4","4","3","3","3","2","2"
"Los Angeles County (Central)--Pico Rivera & Montebello Cities PUMA, California","5","5","5","4","4","4","3","3","2","2"
"Los Angeles County (Central)--Bell Gardens, Bell, Maywood, Cudahy & Commerce Cities PUMA; California","5","5","5","4","5","4","4","3","2","4"
"Los Angeles County (Central)--Huntington Park City, Florence-Graham & Walnut Park PUMA; California","5","6","5","5","5","4","4","4","4","3"
"Los Angeles County (Central)--East Los Angeles PUMA, California","5","5","4","4","4","4","3","3","3","2"
"Los Angeles County (Central)--LA City (East Central/Central City & Boyle Heights) PUMA, California","5","5","4","3","3","3","2","2","2","2"
"Los Angeles County (Central)--LA City (Southeast/East Vernon) PUMA, California","6","6","5","5","5","4","4","3","2",""
"Los Angeles County--LA City (Central/Univ. of Southern California & Exposition Park) PUMA, California","5","5","4","5","4","3","3","2","3","2"
"Los Angeles County (Central)--LA City (Central/West Adams & Baldwin Hills) PUMA, California","5","4","3","3","3","2","2","2","2","2"
"Los Angeles County--LA (Southwest/Marina del Rey & Westchester) & Culver City Cities PUMA, California","4","4","3","3","3","2","2","2","2","3"
"Los Angeles County (Central)--Inglewood City PUMA, California","5","5","4","4","4","4","4","3","3","2"
"Los Angeles County (South Central)--LA City (South Central/Westmont) PUMA, California","5","6","5","5","4","4","3","3","3","3"
"Los Angeles County (South Central)--LA City (South Central/Watts) PUMA, California","6","6","5","5","5","4","4","3","3","2"
"Los Angeles County (South)--South Gate & Lynwood Cities PUMA, California","5","5","5","5","5","4","4","4","3","3"
"Los Angeles County (South)--Downey City PUMA, California","5","5","5","4","4","4","3","3","3","2"
"Los Angeles County (Southeast)--La Mirada & Santa Fe Springs Cities PUMA, California","5","5","4","4","4","4","3","2","2","2"
"Los Angeles County (Southeast)--Norwalk City PUMA, California","6","5","5","4","5","4","4","3","2","2"
"Los Angeles County (Southeast)--Bellflower & Paramount Cities PUMA, California","5","5","4","4","5","4","4","4","4","4"
"Los Angeles County (South Central)--Compton City & West Rancho Dominguez PUMA, California","6","5","5","5","4","4","3","3","3","2"
"Los Angeles County (South Central)--Gardena, Lawndale Cities & West Athens PUMA; California","5","5","4","4","3","3","3","3","3","2"
"Los Angeles County (South Central)--Hawthorne City PUMA, California","5","5","4","4","4","3","3","3","2","1"
"Los Angeles County--Redondo Beach, Manhattan Beach & Hermosa Beach Cities PUMA; California","4","4","3","3","3","3","2","2","2","2"
"Los Angeles County (South Central)--Torrance City PUMA, California","4","4","4","4","3","3","2","2","2","1"
"Los Angeles County (South Central)--Carson City PUMA, California","5","5","4","5","5","4","4","3","3","2"
"Los Angeles County (South Central)--Long Beach City (North) PUMA, California","5","5","4","4","4","3","3","3","2","3"
"Los Angeles County (South)--Lakewood, Cerritos, Artesia & Hawaiian Gardens Cities PUMA; California","5","5","4","4","4","3","3","3","2","3"
"Los Angeles County (Southeast)--Long Beach City (East) PUMA, California","4","4","3","3","3","3","2","2","2","2"
"Los Angeles County (South)--Long Beach City (Southwest & Port) PUMA, California","5","5","4","4","4","3","3","2","2","3"
"Los Angeles County (South)--LA City (South/San Pedro) PUMA, California","5","5","4","4","4","3","2","3","2","3"
"Los Angeles County (Southwest)--Palos Verdes Peninsula PUMA, California","4","4","3","3","3","3","2","2","2","2"
"Los Angeles County (Southeast)--Long Beach (Central) & Signal Hill Cities PUMA, California","5","5","3","3","3","3","3","2","2","2"